Staff_ID,Dept_Key,Date,Shift_Type,Nurse_Count,Doc_Count
S0001,6,2026-04-10,Evening,4,3
S0002,4,2026-04-10,Evening,2,3
S0003,5,2026-04-10,Evening,5,4
S0004,3,2026-04-10,Night,7,1
S0005,1,2026-04-10,Night,4,1
S0006,5,2026-04-10,Night,2,1
S0007,1,2026-04-10,Night,3,4
S0008,4,2026-04-10,Evening,2,1
S0009,5,2026-04-10,Evening,6,4
S0010,5,2026-04-10,Night,5,3
S0011,6,2026-04-10,Night,8,4
S0012,5,2026-04-10,Evening,2,3
S0013,5,2026-04-10,Morning,7,4
S0014,1,2026-04-10,Night,2,2
S0015,5,2026-04-10,Morning,5,1
S0016,6,2026-04-10,Morning,3,3
S0017,4,2026-04-10,Night,4,1
S0018,3,2026-04-10,Morning,7,1
S0019,3,2026-04-10,Morning,3,4
S0020,5,2026-04-10,Night,6,1
S0021,6,2026-04-10,Night,2,3
S0022,1,2026-04-10,Morning,8,2
S0023,6,2026-04-10,Morning,8,3
S0024,4,2026-04-10,Morning,3,1
S0025,4,2026-04-10,Evening,4,3
S0026,6,2026-04-10,Night,7,3
S0027,4,2026-04-10,Night,6,1
S0028,4,2026-04-10,Morning,4,2
S0029,3,2026-04-10,Morning,4,4
S0030,3,2026-04-10,Evening,4,4
S0031,1,2026-04-10,Evening,4,2
S0032,4,2026-04-10,Evening,3,2
S0033,3,2026-04-10,Night,2,3
S0034,5,2026-04-10,Morning,7,2
S0035,1,2026-04-10,Evening,5,3
S0036,6,2026-04-10,Evening,6,3
S0037,2,2026-04-10,Night,7,1
S0038,5,2026-04-10,Morning,5,1
S0039,1,2026-04-10,Night,7,3
S0040,3,2026-04-10,Night,2,1
S0041,3,2026-04-10,Evening,4,3
S0042,1,2026-04-10,Evening,3,1
S0043,1,2026-04-10,Evening,6,1
S0044,4,2026-04-10,Evening,2,4
S0045,2,2026-04-10,Evening,3,3
S0046,2,2026-04-10,Evening,5,3
S0047,6,2026-04-10,Morning,4,3
S0048,1,2026-04-10,Morning,2,1
S0049,1,2026-04-10,Evening,6,4
S0050,3,2026-04-10,Evening,3,2
S0051,4,2026-04-10,Morning,7,4
S0052,3,2026-04-10,Night,3,4
S0053,3,2026-04-10,Night,6,2
S0054,6,2026-04-10,Morning,4,1
S0055,4,2026-04-10,Night,5,4
S0056,6,2026-04-10,Morning,4,3
S0057,2,2026-04-10,Evening,7,1
S0058,3,2026-04-10,Night,7,2
S0059,4,2026-04-10,Night,4,1
S0060,3,2026-04-10,Morning,5,3
S0061,5,2026-04-10,Night,7,3
S0062,2,2026-04-10,Evening,2,3
S0063,5,2026-04-10,Morning,6,4
S0064,3,2026-04-10,Evening,6,4
S0065,6,2026-04-10,Night,4,3
S0066,3,2026-04-10,Evening,5,4
S0067,1,2026-04-10,Morning,7,4
S0068,3,2026-04-10,Night,5,3
S0069,1,2026-04-10,Night,6,3
S0070,6,2026-04-10,Evening,6,4
S0071,5,2026-04-10,Morning,7,2
S0072,6,2026-04-10,Night,6,1
S0073,2,2026-04-10,Evening,4,1
S0074,6,2026-04-10,Night,8,1
S0075,5,2026-04-10,Morning,7,1
S0076,3,2026-04-10,Evening,2,1
S0077,1,2026-04-10,Evening,7,2
S0078,1,2026-04-10,Evening,7,2
S0079,3,2026-04-10,Evening,6,1
S0080,6,2026-04-10,Night,8,3
S0081,5,2026-04-10,Morning,2,2
S0082,3,2026-04-10,Evening,2,1
S0083,3,2026-04-10,Morning,3,4
S0084,6,2026-04-10,Evening,4,3
S0085,1,2026-04-10,Night,5,2
S0086,6,2026-04-10,Morning,2,3
S0087,4,2026-04-10,Morning,4,4
S0088,4,2026-04-10,Evening,7,4
S0089,2,2026-04-10,Morning,8,2
S0090,5,2026-04-10,Evening,5,2
S0091,6,2026-04-10,Morning,7,1
S0092,1,2026-04-10,Morning,3,2
S0093,5,2026-04-10,Evening,6,1
S0094,4,2026-04-10,Evening,7,4
S0095,3,2026-04-10,Evening,2,3
S0096,3,2026-04-10,Morning,2,1
S0097,5,2026-04-10,Night,6,1
S0098,6,2026-04-10,Evening,6,1
S0099,3,2026-04-10,Morning,2,4
S0100,5,2026-04-10,Morning,7,3
S0101,6,2026-04-10,Night,6,3
S0102,5,2026-04-10,Night,7,2
S0103,2,2026-04-10,Evening,7,1
S0104,2,2026-04-10,Night,7,3
S0105,5,2026-04-10,Evening,3,3
S0106,4,2026-04-10,Evening,7,1
S0107,4,2026-04-10,Morning,5,4
S0108,3,2026-04-10,Night,7,4
S0109,4,2026-04-10,Night,5,1
S0110,6,2026-04-10,Night,7,2
S0111,2,2026-04-10,Night,3,4
S0112,4,2026-04-10,Morning,8,2
S0113,3,2026-04-10,Evening,7,3
S0114,1,2026-04-10,Evening,2,1
S0115,2,2026-04-10,Evening,6,3
S0116,4,2026-04-10,Evening,4,1
S0117,1,2026-04-10,Night,7,1
S0118,1,2026-04-10,Evening,4,3
S0119,2,2026-04-10,Morning,6,2
S0120,3,2026-04-10,Evening,6,3
S0121,5,2026-04-10,Night,3,4
S0122,1,2026-04-10,Morning,6,3
S0123,5,2026-04-10,Evening,6,2
S0124,5,2026-04-10,Morning,2,3
S0125,5,2026-04-10,Night,6,1
S0126,4,2026-04-10,Evening,3,3
S0127,2,2026-04-10,Evening,2,1
S0128,3,2026-04-10,Morning,5,1
S0129,6,2026-04-10,Evening,8,2
S0130,6,2026-04-10,Morning,4,2
S0131,2,2026-04-10,Morning,7,3
S0132,2,2026-04-10,Night,7,1
S0133,1,2026-04-10,Morning,8,1
S0134,2,2026-04-10,Evening,2,3
S0135,5,2026-04-10,Morning,7,3
S0136,1,2026-04-10,Morning,5,3
S0137,6,2026-04-10,Night,6,1
S0138,2,2026-04-10,Night,2,4
S0139,5,2026-04-10,Evening,2,4
S0140,3,2026-04-10,Night,6,3
S0141,6,2026-04-10,Night,3,2
S0142,2,2026-04-10,Morning,6,4
S0143,1,2026-04-10,Morning,8,1
S0144,1,2026-04-10,Morning,2,1
S0145,3,2026-04-10,Morning,4,1
S0146,3,2026-04-10,Night,4,3
S0147,2,2026-04-10,Morning,2,1
S0148,4,2026-04-10,Morning,7,1
S0149,2,2026-04-10,Night,8,1
S0150,1,2026-04-10,Morning,5,1
S0151,1,2026-04-10,Night,3,4
S0152,3,2026-04-10,Evening,4,3
S0153,4,2026-04-10,Morning,5,4
S0154,1,2026-04-10,Night,3,1
S0155,4,2026-04-10,Morning,6,4
S0156,4,2026-04-10,Night,4,3
S0157,6,2026-04-10,Night,3,4
S0158,3,2026-04-10,Evening,3,3
S0159,2,2026-04-10,Evening,5,4
S0160,3,2026-04-10,Morning,8,3
S0161,5,2026-04-10,Evening,6,3
S0162,2,2026-04-10,Evening,4,3
S0163,3,2026-04-10,Night,8,2
S0164,2,2026-04-10,Morning,3,1
S0165,2,2026-04-10,Evening,7,1
S0166,3,2026-04-10,Morning,7,3
S0167,6,2026-04-10,Morning,8,2
S0168,6,2026-04-10,Night,6,4
S0169,2,2026-04-10,Morning,5,1
S0170,2,2026-04-10,Evening,3,2
S0171,5,2026-04-10,Evening,4,2
S0172,6,2026-04-10,Evening,7,3
S0173,6,2026-04-10,Night,7,3
S0174,4,2026-04-10,Morning,7,4
S0175,2,2026-04-10,Evening,4,2
S0176,1,2026-04-10,Morning,4,2
S0177,1,2026-04-10,Evening,8,1
S0178,6,2026-04-10,Morning,8,3
S0179,3,2026-04-10,Night,6,3
S0180,2,2026-04-10,Night,5,1
S0181,1,2026-04-10,Night,4,3
S0182,2,2026-04-10,Evening,2,1
S0183,6,2026-04-10,Morning,4,4
S0184,6,2026-04-10,Morning,4,3
S0185,2,2026-04-10,Evening,2,4
S0186,3,2026-04-10,Morning,4,3
S0187,4,2026-04-10,Evening,7,3
S0188,1,2026-04-10,Evening,7,4
S0189,4,2026-04-10,Morning,4,2
S0190,6,2026-04-10,Night,7,4
S0191,6,2026-04-10,Morning,4,4
S0192,3,2026-04-10,Morning,3,3
S0193,5,2026-04-10,Morning,7,1
S0194,4,2026-04-10,Morning,3,2
S0195,6,2026-04-10,Morning,5,3
S0196,2,2026-04-10,Evening,2,3
S0197,4,2026-04-10,Morning,6,3
S0198,4,2026-04-10,Evening,5,3
S0199,1,2026-04-10,Night,5,1
S0200,6,2026-04-10,Morning,4,1
S0201,1,2026-04-10,Morning,4,2
S0202,1,2026-04-10,Evening,7,2
S0203,4,2026-04-10,Evening,2,3
S0204,4,2026-04-10,Night,5,3
S0205,1,2026-04-10,Evening,2,2
S0206,6,2026-04-10,Evening,7,1
S0207,3,2026-04-10,Evening,7,2
S0208,5,2026-04-10,Morning,2,1
S0209,6,2026-04-10,Evening,4,2
S0210,5,2026-04-10,Evening,2,3
S0211,1,2026-04-10,Morning,2,1
S0212,2,2026-04-10,Evening,4,3
S0213,3,2026-04-10,Evening,6,2
S0214,1,2026-04-10,Evening,8,1
S0215,6,2026-04-10,Evening,5,4
S0216,1,2026-04-10,Morning,4,1
S0217,5,2026-04-10,Morning,5,1
S0218,2,2026-04-10,Night,4,3
S0219,2,2026-04-10,Evening,6,3
S0220,5,2026-04-10,Evening,2,3
S0221,1,2026-04-10,Evening,7,1
S0222,2,2026-04-10,Morning,2,1
S0223,3,2026-04-10,Evening,2,3
S0224,1,2026-04-10,Evening,7,3
S0225,5,2026-04-10,Evening,2,4
S0226,2,2026-04-10,Evening,4,1
S0227,6,2026-04-10,Morning,5,2
S0228,6,2026-04-10,Night,7,3
S0229,6,2026-04-10,Morning,2,1
S0230,3,2026-04-10,Morning,7,3
S0231,5,2026-04-10,Night,8,2
S0232,1,2026-04-10,Morning,7,3
S0233,3,2026-04-10,Morning,6,2
S0234,5,2026-04-10,Night,7,3
S0235,2,2026-04-10,Night,7,2
S0236,1,2026-04-10,Night,5,3
S0237,1,2026-04-10,Morning,6,2
S0238,5,2026-04-10,Evening,3,2
S0239,4,2026-04-10,Evening,3,4
S0240,3,2026-04-10,Morning,6,3
S0241,2,2026-04-10,Night,6,4
S0242,6,2026-04-10,Night,2,3
S0243,3,2026-04-10,Night,8,3
S0244,6,2026-04-10,Night,2,3
S0245,5,2026-04-10,Evening,3,3
S0246,3,2026-04-10,Evening,5,1
S0247,2,2026-04-10,Morning,8,3
S0248,6,2026-04-10,Night,3,3
S0249,5,2026-04-10,Morning,7,2
S0250,1,2026-04-10,Evening,6,4
S0251,1,2026-04-10,Night,8,4
S0252,3,2026-04-10,Evening,4,1
S0253,2,2026-04-10,Evening,8,1
S0254,6,2026-04-10,Morning,2,1
S0255,6,2026-04-10,Evening,6,2
S0256,2,2026-04-10,Morning,5,3
S0257,6,2026-04-10,Morning,3,1
S0258,4,2026-04-10,Night,4,2
S0259,4,2026-04-10,Evening,5,2
S0260,6,2026-04-10,Evening,2,4
S0261,1,2026-04-10,Evening,8,1
S0262,1,2026-04-10,Morning,4,1
S0263,6,2026-04-10,Morning,8,2
S0264,2,2026-04-10,Morning,4,4
S0265,4,2026-04-10,Morning,4,2
S0266,3,2026-04-10,Night,5,1
S0267,5,2026-04-10,Evening,3,1
S0268,1,2026-04-10,Night,6,2
S0269,5,2026-04-10,Evening,5,4
S0270,6,2026-04-10,Night,4,2
S0271,5,2026-04-10,Morning,5,4
S0272,1,2026-04-10,Morning,7,3
S0273,4,2026-04-10,Evening,4,4
S0274,3,2026-04-10,Night,2,3
S0275,1,2026-04-10,Evening,7,3
S0276,5,2026-04-10,Morning,3,1
S0277,3,2026-04-10,Evening,4,3
S0278,1,2026-04-10,Evening,8,1
S0279,4,2026-04-10,Evening,8,4
S0280,5,2026-04-10,Evening,8,2
S0281,6,2026-04-10,Morning,7,1
S0282,4,2026-04-10,Night,3,1
S0283,3,2026-04-10,Evening,7,3
S0284,4,2026-04-10,Evening,7,2
S0285,6,2026-04-10,Morning,4,1
S0286,5,2026-04-10,Night,4,2
S0287,3,2026-04-10,Morning,2,4
S0288,5,2026-04-10,Morning,8,2
S0289,4,2026-04-10,Morning,8,2
S0290,3,2026-04-10,Night,5,2
S0291,1,2026-04-10,Morning,4,1
S0292,5,2026-04-10,Night,2,1
S0293,1,2026-04-10,Night,2,1
S0294,5,2026-04-10,Morning,2,4
S0295,4,2026-04-10,Evening,4,4
S0296,6,2026-04-10,Night,3,1
S0297,5,2026-04-10,Morning,8,3
S0298,6,2026-04-10,Night,2,2
S0299,1,2026-04-10,Morning,5,1
S0300,1,2026-04-10,Night,4,1
S0301,4,2026-04-10,Evening,6,4
S0302,3,2026-04-10,Night,3,1
S0303,3,2026-04-10,Evening,8,2
S0304,5,2026-04-10,Morning,5,3
S0305,5,2026-04-10,Evening,7,1
S0306,4,2026-04-10,Morning,8,2
S0307,4,2026-04-10,Night,7,2
S0308,6,2026-04-10,Evening,3,1
S0309,1,2026-04-10,Evening,4,3
S0310,2,2026-04-10,Night,8,4
S0311,2,2026-04-10,Morning,6,3
S0312,3,2026-04-10,Evening,5,3
S0313,2,2026-04-10,Night,7,1
S0314,6,2026-04-10,Morning,3,3
S0315,4,2026-04-10,Evening,2,4
S0316,4,2026-04-10,Morning,8,3
S0317,6,2026-04-10,Evening,5,3
S0318,3,2026-04-10,Night,8,4
S0319,1,2026-04-10,Evening,2,1
S0320,5,2026-04-10,Morning,4,1
S0321,5,2026-04-10,Morning,7,4
S0322,2,2026-04-10,Morning,2,1
S0323,5,2026-04-10,Night,2,2
S0324,5,2026-04-10,Evening,6,2
S0325,5,2026-04-10,Evening,6,1
S0326,2,2026-04-10,Evening,6,4
S0327,4,2026-04-10,Evening,7,2
S0328,1,2026-04-10,Evening,7,1
S0329,6,2026-04-10,Evening,4,2
S0330,6,2026-04-10,Night,6,4
S0331,4,2026-04-10,Night,5,3
S0332,1,2026-04-10,Night,5,4
S0333,1,2026-04-10,Morning,8,2
S0334,2,2026-04-10,Night,6,2
S0335,4,2026-04-10,Night,6,1
S0336,1,2026-04-10,Evening,3,4
S0337,1,2026-04-10,Morning,7,1
S0338,6,2026-04-10,Evening,7,4
S0339,6,2026-04-10,Night,4,1
S0340,3,2026-04-10,Evening,2,3
S0341,6,2026-04-10,Night,4,2
S0342,2,2026-04-10,Morning,8,2
S0343,5,2026-04-10,Evening,8,2
S0344,3,2026-04-10,Night,5,3
S0345,1,2026-04-10,Evening,4,4
S0346,4,2026-04-10,Morning,4,3
S0347,5,2026-04-10,Evening,2,4
S0348,5,2026-04-10,Evening,8,2
S0349,5,2026-04-10,Night,3,1
S0350,4,2026-04-10,Evening,6,3
S0351,2,2026-04-10,Night,7,1
S0352,2,2026-04-10,Evening,7,1
S0353,2,2026-04-10,Morning,5,4
S0354,1,2026-04-10,Night,6,4
S0355,4,2026-04-10,Morning,5,4
S0356,2,2026-04-10,Morning,2,3
S0357,4,2026-04-10,Night,3,2
S0358,5,2026-04-10,Morning,4,1
S0359,1,2026-04-10,Morning,4,2
S0360,5,2026-04-10,Evening,6,2
S0361,4,2026-04-10,Night,7,4
S0362,6,2026-04-10,Morning,6,1
S0363,4,2026-04-10,Morning,6,1
S0364,4,2026-04-10,Morning,5,1
S0365,1,2026-04-10,Night,5,1
S0366,2,2026-04-10,Evening,2,2
S0367,6,2026-04-10,Night,3,2
S0368,5,2026-04-10,Night,4,3
S0369,2,2026-04-10,Evening,3,2
S0370,6,2026-04-10,Morning,7,2
S0371,3,2026-04-10,Night,2,2
S0372,5,2026-04-10,Morning,2,3
S0373,4,2026-04-10,Evening,7,1
S0374,3,2026-04-10,Evening,5,4
S0375,6,2026-04-10,Morning,8,1
S0376,3,2026-04-10,Evening,5,3
S0377,1,2026-04-10,Morning,8,1
S0378,2,2026-04-10,Night,3,2
S0379,2,2026-04-10,Evening,4,4
S0380,5,2026-04-10,Evening,3,2
S0381,4,2026-04-10,Night,4,2
S0382,4,2026-04-10,Evening,7,4
S0383,2,2026-04-10,Morning,8,4
S0384,4,2026-04-10,Evening,6,4
S0385,1,2026-04-10,Night,3,2
S0386,2,2026-04-10,Evening,5,2
S0387,2,2026-04-10,Morning,4,3
S0388,3,2026-04-10,Morning,8,1
S0389,3,2026-04-10,Night,5,2
S0390,3,2026-04-10,Night,5,2
S0391,6,2026-04-10,Night,4,2
S0392,2,2026-04-10,Night,8,2
S0393,5,2026-04-10,Night,2,1
S0394,4,2026-04-10,Morning,6,2
S0395,3,2026-04-10,Morning,7,3
S0396,2,2026-04-10,Night,6,1
S0397,3,2026-04-10,Morning,2,1
S0398,5,2026-04-10,Evening,3,1
S0399,6,2026-04-10,Morning,5,3
S0400,4,2026-04-10,Morning,7,2
S0401,1,2026-04-10,Morning,5,2
S0402,4,2026-04-10,Night,2,1
S0403,2,2026-04-10,Night,7,2
S0404,2,2026-04-10,Evening,5,2
S0405,2,2026-04-10,Morning,6,3
S0406,4,2026-04-10,Night,2,1
S0407,4,2026-04-10,Night,2,3
S0408,6,2026-04-10,Night,5,3
S0409,6,2026-04-10,Night,2,1
S0410,6,2026-04-10,Night,2,2
S0411,3,2026-04-10,Morning,6,1
S0412,4,2026-04-10,Evening,2,3
S0413,2,2026-04-10,Night,8,1
S0414,4,2026-04-10,Morning,4,2
S0415,5,2026-04-10,Morning,7,4
S0416,5,2026-04-10,Night,8,1
S0417,3,2026-04-10,Night,4,2
S0418,3,2026-04-10,Night,6,3
S0419,2,2026-04-10,Night,4,4
S0420,3,2026-04-10,Night,6,3
S0421,6,2026-04-10,Morning,4,4
S0422,1,2026-04-10,Evening,2,4
S0423,3,2026-04-10,Morning,2,2
S0424,6,2026-04-10,Night,2,4
S0425,3,2026-04-10,Evening,7,1
S0426,1,2026-04-10,Night,6,2
S0427,3,2026-04-10,Evening,5,1
S0428,2,2026-04-10,Evening,5,2
S0429,5,2026-04-10,Evening,2,1
S0430,5,2026-04-10,Evening,4,4
S0431,2,2026-04-10,Evening,8,3
S0432,3,2026-04-10,Morning,4,4
S0433,3,2026-04-10,Night,2,4
S0434,3,2026-04-10,Night,6,4
S0435,6,2026-04-10,Morning,5,4
S0436,2,2026-04-10,Morning,4,3
S0437,2,2026-04-10,Evening,3,1
S0438,2,2026-04-10,Evening,2,4
S0439,4,2026-04-10,Morning,7,4
S0440,1,2026-04-10,Night,3,2
S0441,3,2026-04-10,Evening,5,4
S0442,5,2026-04-10,Evening,6,4
S0443,4,2026-04-10,Night,7,2
S0444,6,2026-04-10,Night,8,4
S0445,6,2026-04-10,Evening,2,4
S0446,6,2026-04-10,Night,6,4
S0447,5,2026-04-10,Evening,4,3
S0448,5,2026-04-10,Evening,5,2
S0449,6,2026-04-10,Night,8,1
S0450,4,2026-04-10,Evening,2,1
S0451,1,2026-04-10,Night,5,1
S0452,4,2026-04-10,Morning,4,4
S0453,3,2026-04-10,Morning,7,4
S0454,3,2026-04-10,Evening,5,3
S0455,1,2026-04-10,Evening,7,4
S0456,6,2026-04-10,Night,4,3
S0457,4,2026-04-10,Morning,5,4
S0458,5,2026-04-10,Morning,7,2
S0459,1,2026-04-10,Evening,7,4
S0460,1,2026-04-10,Night,5,2
S0461,3,2026-04-10,Morning,5,2
S0462,5,2026-04-10,Morning,2,1
S0463,3,2026-04-10,Evening,6,1
S0464,4,2026-04-10,Night,3,1
S0465,5,2026-04-10,Evening,2,4
S0466,5,2026-04-10,Night,8,3
S0467,6,2026-04-10,Morning,8,1
S0468,3,2026-04-10,Night,5,3
S0469,4,2026-04-10,Morning,4,2
S0470,2,2026-04-10,Evening,4,1
S0471,5,2026-04-10,Evening,3,3
S0472,6,2026-04-10,Evening,7,4
S0473,6,2026-04-10,Night,3,2
S0474,5,2026-04-10,Night,4,3
S0475,3,2026-04-10,Evening,6,3
S0476,3,2026-04-10,Morning,5,3
S0477,6,2026-04-10,Morning,3,4
S0478,3,2026-04-10,Morning,2,2
S0479,5,2026-04-10,Night,6,4
S0480,4,2026-04-10,Night,8,2
S0481,6,2026-04-10,Morning,3,1
S0482,3,2026-04-10,Evening,8,2
S0483,3,2026-04-10,Morning,2,1
S0484,4,2026-04-10,Morning,2,2
S0485,6,2026-04-10,Morning,8,3
S0486,1,2026-04-10,Evening,5,4
S0487,5,2026-04-10,Evening,8,2
S0488,5,2026-04-10,Night,2,1
S0489,6,2026-04-10,Night,5,4
S0490,3,2026-04-10,Night,2,3
S0491,2,2026-04-10,Evening,8,1
S0492,6,2026-04-10,Evening,7,3
S0493,1,2026-04-10,Evening,8,1
S0494,6,2026-04-10,Morning,4,4
S0495,4,2026-04-10,Morning,4,3
S0496,3,2026-04-10,Evening,4,1
S0497,4,2026-04-10,Evening,2,2
S0498,3,2026-04-10,Morning,7,2
S0499,2,2026-04-10,Evening,8,1
S0500,6,2026-04-10,Morning,8,1
S0501,6,2026-04-10,Evening,5,3
S0502,5,2026-04-10,Night,2,4
S0503,3,2026-04-10,Evening,8,1
S0504,4,2026-04-10,Evening,3,1
S0505,5,2026-04-10,Night,4,1
S0506,4,2026-04-10,Night,2,2
S0507,1,2026-04-10,Night,2,1
S0508,2,2026-04-10,Night,5,4
S0509,5,2026-04-10,Evening,6,4
S0510,5,2026-04-10,Evening,2,3
S0511,3,2026-04-10,Evening,7,3
S0512,2,2026-04-10,Night,5,2
S0513,2,2026-04-10,Evening,5,4
S0514,1,2026-04-10,Morning,7,1
S0515,4,2026-04-10,Morning,6,1
S0516,3,2026-04-10,Night,4,1
S0517,2,2026-04-10,Night,3,4
S0518,1,2026-04-10,Morning,8,2
S0519,2,2026-04-10,Evening,8,2
S0520,2,2026-04-10,Evening,4,1
S0521,6,2026-04-10,Evening,8,4
S0522,6,2026-04-10,Evening,8,3
S0523,2,2026-04-10,Night,5,4
S0524,1,2026-04-10,Evening,4,2
S0525,3,2026-04-10,Evening,8,3
S0526,1,2026-04-10,Evening,8,1
S0527,2,2026-04-10,Night,3,4
S0528,4,2026-04-10,Evening,8,1
S0529,4,2026-04-10,Evening,2,4
S0530,4,2026-04-10,Evening,2,1
S0531,1,2026-04-10,Morning,8,3
S0532,1,2026-04-10,Evening,3,2
S0533,3,2026-04-10,Evening,3,3
S0534,3,2026-04-10,Night,2,1
S0535,6,2026-04-10,Night,4,4
S0536,1,2026-04-10,Night,5,2
S0537,5,2026-04-10,Evening,7,2
S0538,2,2026-04-10,Evening,3,4
S0539,2,2026-04-10,Night,4,3
S0540,6,2026-04-10,Morning,2,4
S0541,2,2026-04-10,Evening,4,2
S0542,2,2026-04-10,Morning,2,1
S0543,6,2026-04-10,Morning,2,2
S0544,2,2026-04-10,Night,5,1
S0545,4,2026-04-10,Night,5,3
S0546,1,2026-04-10,Morning,3,1
S0547,5,2026-04-10,Evening,2,1
S0548,1,2026-04-10,Morning,8,2
S0549,3,2026-04-10,Evening,4,2
S0550,3,2026-04-10,Night,3,4
S0551,1,2026-04-10,Night,5,4
S0552,5,2026-04-10,Morning,6,3
S0553,4,2026-04-10,Night,2,1
S0554,5,2026-04-10,Evening,2,3
S0555,5,2026-04-10,Night,7,4
S0556,6,2026-04-10,Morning,6,2
S0557,5,2026-04-10,Morning,3,3
S0558,2,2026-04-10,Night,8,4
S0559,1,2026-04-10,Evening,6,1
S0560,5,2026-04-10,Evening,3,2
S0561,4,2026-04-10,Evening,2,4
S0562,1,2026-04-10,Night,7,3
S0563,6,2026-04-10,Night,6,3
S0564,1,2026-04-10,Morning,4,1
S0565,1,2026-04-10,Night,2,3
S0566,2,2026-04-10,Night,8,3
S0567,4,2026-04-10,Morning,8,1
S0568,5,2026-04-10,Morning,4,2
S0569,3,2026-04-10,Evening,4,4
S0570,3,2026-04-10,Morning,6,1
S0571,2,2026-04-10,Night,7,2
S0572,6,2026-04-10,Morning,5,4
S0573,4,2026-04-10,Evening,5,1
S0574,1,2026-04-10,Night,4,3
S0575,4,2026-04-10,Morning,4,1
S0576,2,2026-04-10,Morning,2,4
S0577,1,2026-04-10,Evening,8,2
S0578,3,2026-04-10,Night,7,4
S0579,2,2026-04-10,Evening,5,4
S0580,3,2026-04-10,Morning,3,1
S0581,6,2026-04-10,Evening,7,2
S0582,4,2026-04-10,Morning,3,2
S0583,2,2026-04-10,Morning,8,3
S0584,1,2026-04-10,Evening,6,3
S0585,3,2026-04-10,Night,4,1
S0586,2,2026-04-10,Night,7,4
S0587,6,2026-04-10,Night,8,1
S0588,6,2026-04-10,Morning,3,1
S0589,6,2026-04-10,Night,7,1
S0590,3,2026-04-10,Night,6,1
S0591,6,2026-04-10,Night,8,2
S0592,4,2026-04-10,Night,6,3
S0593,3,2026-04-10,Morning,4,3
S0594,5,2026-04-10,Night,3,3
S0595,4,2026-04-10,Evening,6,2
S0596,2,2026-04-10,Evening,5,4
S0597,5,2026-04-10,Evening,4,2
S0598,5,2026-04-10,Night,5,3
S0599,5,2026-04-10,Evening,7,1
S0600,2,2026-04-10,Evening,6,4
S0601,1,2026-04-10,Evening,3,1
S0602,3,2026-04-10,Night,7,4
S0603,6,2026-04-10,Night,7,2
S0604,5,2026-04-10,Evening,8,1
S0605,6,2026-04-10,Night,2,4
S0606,2,2026-04-10,Night,4,2
S0607,3,2026-04-10,Morning,3,1
S0608,6,2026-04-10,Night,2,2
S0609,2,2026-04-10,Morning,3,1
S0610,2,2026-04-10,Evening,6,4
S0611,3,2026-04-10,Morning,6,4
S0612,5,2026-04-10,Night,3,2
S0613,2,2026-04-10,Evening,2,2
S0614,1,2026-04-10,Night,3,2
S0615,3,2026-04-10,Night,6,3
S0616,5,2026-04-10,Night,8,3
S0617,5,2026-04-10,Night,6,3
S0618,2,2026-04-10,Morning,6,3
S0619,3,2026-04-10,Morning,6,3
S0620,5,2026-04-10,Morning,6,4
S0621,4,2026-04-10,Evening,5,1
S0622,5,2026-04-10,Evening,2,1
S0623,5,2026-04-10,Night,6,3
S0624,4,2026-04-10,Morning,7,4
S0625,5,2026-04-10,Evening,5,2
S0626,2,2026-04-10,Evening,3,2
S0627,6,2026-04-10,Morning,7,1
S0628,3,2026-04-10,Night,3,2
S0629,5,2026-04-10,Evening,3,2
S0630,4,2026-04-10,Night,2,3
S0631,6,2026-04-10,Morning,2,2
S0632,1,2026-04-10,Night,3,1
S0633,3,2026-04-10,Evening,5,2
S0634,6,2026-04-10,Evening,6,1
S0635,1,2026-04-10,Morning,6,1
S0636,2,2026-04-10,Morning,6,1
S0637,1,2026-04-10,Evening,7,4
S0638,3,2026-04-10,Night,8,2
S0639,6,2026-04-10,Evening,7,2
S0640,3,2026-04-10,Evening,4,4
S0641,5,2026-04-10,Morning,7,2
S0642,2,2026-04-10,Night,8,4
S0643,3,2026-04-10,Evening,7,3
S0644,3,2026-04-10,Morning,4,3
S0645,2,2026-04-10,Night,2,4
S0646,6,2026-04-10,Evening,8,2
S0647,5,2026-04-10,Evening,5,2
S0648,1,2026-04-10,Evening,5,4
S0649,4,2026-04-10,Evening,5,4
S0650,4,2026-04-10,Morning,4,4
S0651,5,2026-04-10,Night,7,4
S0652,5,2026-04-10,Night,7,3
S0653,4,2026-04-10,Evening,6,1
S0654,2,2026-04-10,Morning,7,3
S0655,6,2026-04-10,Morning,8,2
S0656,3,2026-04-10,Morning,5,4
S0657,2,2026-04-10,Morning,2,1
S0658,6,2026-04-10,Night,7,2
S0659,2,2026-04-10,Morning,3,4
S0660,1,2026-04-10,Morning,5,1
S0661,1,2026-04-10,Night,6,2
S0662,2,2026-04-10,Evening,2,1
S0663,5,2026-04-10,Night,8,1
S0664,4,2026-04-10,Evening,4,2
S0665,3,2026-04-10,Morning,2,2
S0666,5,2026-04-10,Night,3,2
S0667,5,2026-04-10,Night,2,2
S0668,6,2026-04-10,Morning,8,2
S0669,5,2026-04-10,Morning,6,2
S0670,3,2026-04-10,Night,4,3
S0671,5,2026-04-10,Morning,3,4
S0672,6,2026-04-10,Morning,7,4
S0673,3,2026-04-10,Night,8,2
S0674,2,2026-04-10,Morning,5,1
S0675,5,2026-04-10,Evening,8,3
S0676,6,2026-04-10,Morning,2,3
S0677,5,2026-04-10,Evening,3,2
S0678,2,2026-04-10,Night,7,3
S0679,6,2026-04-10,Morning,8,3
S0680,2,2026-04-10,Night,4,1
S0681,3,2026-04-10,Evening,6,2
S0682,4,2026-04-10,Night,4,1
S0683,3,2026-04-10,Morning,4,2
S0684,6,2026-04-10,Night,7,3
S0685,2,2026-04-10,Night,6,4
S0686,2,2026-04-10,Morning,8,1
S0687,1,2026-04-10,Night,3,4
S0688,5,2026-04-10,Morning,8,1
S0689,1,2026-04-10,Morning,8,3
S0690,6,2026-04-10,Evening,6,3
S0691,6,2026-04-10,Night,2,2
S0692,4,2026-04-10,Night,6,4
S0693,3,2026-04-10,Evening,6,4
S0694,4,2026-04-10,Evening,7,1
S0695,6,2026-04-10,Evening,7,1
S0696,6,2026-04-10,Evening,4,4
S0697,1,2026-04-10,Night,2,4
S0698,6,2026-04-10,Morning,2,3
S0699,5,2026-04-10,Morning,7,1
S0700,1,2026-04-10,Evening,8,4
S0701,2,2026-04-10,Morning,8,3
S0702,4,2026-04-10,Evening,7,3
S0703,4,2026-04-10,Morning,2,1
S0704,2,2026-04-10,Evening,2,4
S0705,3,2026-04-10,Night,5,1
S0706,6,2026-04-10,Night,8,3
S0707,6,2026-04-10,Evening,4,2
S0708,2,2026-04-10,Night,5,4
S0709,2,2026-04-10,Night,8,1
S0710,4,2026-04-10,Morning,3,2
S0711,6,2026-04-10,Evening,4,2
S0712,5,2026-04-10,Night,5,2
S0713,6,2026-04-10,Evening,8,1
S0714,3,2026-04-10,Morning,2,1
S0715,5,2026-04-10,Morning,4,4
S0716,6,2026-04-10,Night,2,4
S0717,3,2026-04-10,Evening,7,2
S0718,1,2026-04-10,Morning,5,4
S0719,6,2026-04-10,Morning,2,1
S0720,4,2026-04-10,Evening,7,4
S0721,1,2026-04-10,Evening,3,1
S0722,2,2026-04-10,Morning,4,1
S0723,1,2026-04-10,Morning,6,4
S0724,4,2026-04-10,Morning,2,3
S0725,5,2026-04-10,Evening,7,4
S0726,4,2026-04-10,Evening,4,3
S0727,6,2026-04-10,Morning,5,3
S0728,3,2026-04-10,Morning,8,3
S0729,6,2026-04-10,Evening,8,4
S0730,3,2026-04-10,Morning,7,1
S0731,4,2026-04-10,Morning,7,4
S0732,5,2026-04-10,Night,4,2
S0733,1,2026-04-10,Evening,7,2
S0734,5,2026-04-10,Morning,4,2
S0735,5,2026-04-10,Night,2,3
S0736,2,2026-04-10,Night,6,3
S0737,1,2026-04-10,Morning,3,2
S0738,5,2026-04-10,Evening,4,1
S0739,1,2026-04-10,Morning,8,1
S0740,6,2026-04-10,Evening,3,4
S0741,1,2026-04-10,Evening,3,2
S0742,4,2026-04-10,Night,5,3
S0743,1,2026-04-10,Night,4,2
S0744,2,2026-04-10,Morning,2,3
S0745,5,2026-04-10,Evening,6,4
S0746,4,2026-04-10,Evening,2,4
S0747,4,2026-04-10,Night,3,3
S0748,6,2026-04-10,Evening,7,4
S0749,2,2026-04-10,Night,2,3
S0750,3,2026-04-10,Evening,7,3
S0751,4,2026-04-10,Night,6,3
S0752,1,2026-04-10,Morning,8,3
S0753,3,2026-04-10,Evening,4,1
S0754,2,2026-04-10,Evening,2,4
S0755,3,2026-04-10,Evening,6,2
S0756,6,2026-04-10,Morning,2,3
S0757,4,2026-04-10,Night,8,3
S0758,1,2026-04-10,Night,5,1
S0759,6,2026-04-10,Night,3,3
S0760,4,2026-04-10,Morning,4,4
S0761,4,2026-04-10,Morning,7,1
S0762,3,2026-04-10,Night,4,1
S0763,2,2026-04-10,Morning,4,1
S0764,4,2026-04-10,Morning,5,2
S0765,6,2026-04-10,Evening,3,1
S0766,6,2026-04-10,Evening,8,4
S0767,3,2026-04-10,Morning,3,4
S0768,1,2026-04-10,Evening,4,3
S0769,5,2026-04-10,Evening,3,1
S0770,3,2026-04-10,Night,6,3
S0771,5,2026-04-10,Night,7,2
S0772,6,2026-04-10,Night,7,1
S0773,6,2026-04-10,Morning,2,3
S0774,1,2026-04-10,Evening,2,3
S0775,6,2026-04-10,Night,7,2
S0776,6,2026-04-10,Morning,7,2
S0777,3,2026-04-10,Morning,7,4
S0778,4,2026-04-10,Evening,6,4
S0779,4,2026-04-10,Evening,3,1
S0780,6,2026-04-10,Night,7,3
S0781,2,2026-04-10,Night,8,4
S0782,3,2026-04-10,Morning,3,2
S0783,1,2026-04-10,Night,6,1
S0784,2,2026-04-10,Morning,2,3
S0785,4,2026-04-10,Morning,2,4
S0786,1,2026-04-10,Night,2,3
S0787,4,2026-04-10,Evening,8,2
S0788,5,2026-04-10,Night,5,3
S0789,5,2026-04-10,Morning,8,1
S0790,2,2026-04-10,Night,4,1
S0791,6,2026-04-10,Evening,2,1
S0792,3,2026-04-10,Night,6,2
S0793,5,2026-04-10,Night,6,4
S0794,2,2026-04-10,Morning,7,2
S0795,6,2026-04-10,Evening,5,3
S0796,3,2026-04-10,Night,6,2
S0797,1,2026-04-10,Evening,3,2
S0798,4,2026-04-10,Evening,8,1
S0799,1,2026-04-10,Evening,2,2
S0800,5,2026-04-10,Morning,3,2
S0801,1,2026-04-10,Night,5,2
S0802,4,2026-04-10,Morning,7,3
S0803,3,2026-04-10,Evening,2,1
S0804,2,2026-04-10,Night,4,2
S0805,1,2026-04-10,Evening,7,2
S0806,5,2026-04-10,Morning,7,3
S0807,5,2026-04-10,Evening,4,1
S0808,3,2026-04-10,Evening,2,1
S0809,2,2026-04-10,Evening,7,2
S0810,2,2026-04-10,Night,3,3
S0811,6,2026-04-10,Morning,3,3
S0812,1,2026-04-10,Night,7,4
S0813,1,2026-04-10,Night,8,1
S0814,2,2026-04-10,Evening,6,1
S0815,4,2026-04-10,Evening,4,4
S0816,1,2026-04-10,Evening,6,4
S0817,4,2026-04-10,Morning,6,1
S0818,5,2026-04-10,Evening,8,3
S0819,2,2026-04-10,Night,3,2
S0820,2,2026-04-10,Morning,3,3
S0821,1,2026-04-10,Evening,8,4
S0822,5,2026-04-10,Morning,3,4
S0823,5,2026-04-10,Morning,3,2
S0824,1,2026-04-10,Evening,8,1
S0825,6,2026-04-10,Night,4,4
S0826,4,2026-04-10,Morning,2,1
S0827,1,2026-04-10,Morning,8,2
S0828,1,2026-04-10,Morning,7,4
S0829,2,2026-04-10,Night,6,1
S0830,3,2026-04-10,Morning,8,2
S0831,3,2026-04-10,Morning,7,4
S0832,2,2026-04-10,Evening,6,3
S0833,3,2026-04-10,Night,8,3
S0834,1,2026-04-10,Evening,3,4
S0835,4,2026-04-10,Evening,7,1
S0836,6,2026-04-10,Night,7,2
S0837,6,2026-04-10,Morning,8,3
S0838,4,2026-04-10,Evening,7,3
S0839,6,2026-04-10,Evening,5,1
S0840,1,2026-04-10,Evening,3,3
S0841,2,2026-04-10,Morning,2,2
S0842,4,2026-04-10,Evening,6,2
S0843,5,2026-04-10,Night,3,3
S0844,4,2026-04-10,Morning,3,2
S0845,4,2026-04-10,Evening,7,3
S0846,3,2026-04-10,Night,5,4
S0847,2,2026-04-10,Morning,8,3
S0848,2,2026-04-10,Evening,2,2
S0849,1,2026-04-10,Night,3,2
S0850,1,2026-04-10,Morning,6,3
S0851,4,2026-04-10,Evening,2,3
S0852,5,2026-04-10,Morning,7,4
S0853,2,2026-04-10,Night,3,2
S0854,1,2026-04-10,Night,7,2
S0855,2,2026-04-10,Morning,2,2
S0856,6,2026-04-10,Evening,5,3
S0857,2,2026-04-10,Night,2,2
S0858,4,2026-04-10,Evening,7,3
S0859,4,2026-04-10,Morning,7,2
S0860,6,2026-04-10,Morning,4,1
S0861,4,2026-04-10,Night,7,4
S0862,1,2026-04-10,Night,7,4
S0863,3,2026-04-10,Morning,6,2
S0864,1,2026-04-10,Evening,6,1
S0865,5,2026-04-10,Morning,6,3
S0866,5,2026-04-10,Evening,5,1
S0867,3,2026-04-10,Morning,5,4
S0868,5,2026-04-10,Night,3,1
S0869,6,2026-04-10,Morning,5,3
S0870,6,2026-04-10,Night,8,3
S0871,3,2026-04-10,Night,7,1
S0872,4,2026-04-10,Evening,2,4
S0873,3,2026-04-10,Evening,2,4
S0874,1,2026-04-10,Morning,3,3
S0875,3,2026-04-10,Morning,2,2
S0876,5,2026-04-10,Morning,6,3
S0877,4,2026-04-10,Morning,7,2
S0878,3,2026-04-10,Evening,4,2
S0879,5,2026-04-10,Evening,7,4
S0880,3,2026-04-10,Night,8,4
S0881,3,2026-04-10,Night,2,2
S0882,1,2026-04-10,Evening,8,2
S0883,3,2026-04-10,Night,8,3
S0884,2,2026-04-10,Night,6,3
S0885,6,2026-04-10,Morning,6,3
S0886,2,2026-04-10,Night,8,4
S0887,6,2026-04-10,Morning,3,4
S0888,6,2026-04-10,Morning,2,1
S0889,1,2026-04-10,Night,2,3
S0890,2,2026-04-10,Evening,3,1
S0891,6,2026-04-10,Night,6,2
S0892,2,2026-04-10,Evening,6,1
S0893,1,2026-04-10,Night,4,3
S0894,2,2026-04-10,Morning,6,3
S0895,4,2026-04-10,Evening,8,4
S0896,3,2026-04-10,Evening,2,4
S0897,1,2026-04-10,Evening,6,4
S0898,1,2026-04-10,Morning,8,4
S0899,4,2026-04-10,Night,6,3
S0900,2,2026-04-10,Evening,7,1
S0901,5,2026-04-10,Night,5,2
S0902,2,2026-04-10,Night,2,4
S0903,6,2026-04-10,Evening,5,3
S0904,1,2026-04-10,Night,4,4
S0905,5,2026-04-10,Morning,4,1
S0906,3,2026-04-10,Morning,3,3
S0907,6,2026-04-10,Evening,5,2
S0908,3,2026-04-10,Night,5,3
S0909,2,2026-04-10,Evening,3,2
S0910,6,2026-04-10,Evening,2,3
S0911,6,2026-04-10,Night,8,2
S0912,3,2026-04-10,Night,2,2
S0913,1,2026-04-10,Morning,4,2
S0914,6,2026-04-10,Evening,3,2
S0915,2,2026-04-10,Night,3,1
S0916,4,2026-04-10,Morning,8,3
S0917,5,2026-04-10,Evening,8,1
S0918,5,2026-04-10,Night,6,4
S0919,3,2026-04-10,Morning,5,2
S0920,3,2026-04-10,Night,8,3
S0921,2,2026-04-10,Night,2,3
S0922,3,2026-04-10,Night,2,1
S0923,4,2026-04-10,Evening,8,2
S0924,2,2026-04-10,Night,7,3
S0925,5,2026-04-10,Night,4,2
S0926,3,2026-04-10,Night,5,4
S0927,6,2026-04-10,Morning,2,3
S0928,2,2026-04-10,Evening,5,4
S0929,1,2026-04-10,Morning,8,4
S0930,2,2026-04-10,Night,8,4
S0931,2,2026-04-10,Morning,2,1
S0932,4,2026-04-10,Evening,6,4
S0933,6,2026-04-10,Morning,5,2
S0934,6,2026-04-10,Morning,5,1
S0935,1,2026-04-10,Night,4,4
S0936,1,2026-04-10,Night,6,3
S0937,5,2026-04-10,Evening,5,2
S0938,3,2026-04-10,Evening,8,2
S0939,2,2026-04-10,Morning,6,2
S0940,3,2026-04-10,Morning,6,2
S0941,6,2026-04-10,Night,6,4
S0942,6,2026-04-10,Evening,2,3
S0943,3,2026-04-10,Morning,2,3
S0944,6,2026-04-10,Night,7,1
S0945,5,2026-04-10,Evening,8,4
S0946,6,2026-04-10,Evening,8,4
S0947,1,2026-04-10,Evening,5,2
S0948,5,2026-04-10,Evening,8,4
S0949,2,2026-04-10,Morning,8,3
S0950,3,2026-04-10,Morning,8,3
S0951,5,2026-04-10,Night,8,2
S0952,2,2026-04-10,Night,4,1
S0953,1,2026-04-10,Night,4,3
S0954,1,2026-04-10,Evening,7,3
S0955,3,2026-04-10,Morning,7,2
S0956,2,2026-04-10,Night,3,3
S0957,2,2026-04-10,Night,7,3
S0958,4,2026-04-10,Evening,6,4
S0959,1,2026-04-10,Morning,3,4
S0960,1,2026-04-10,Night,8,1
S0961,2,2026-04-10,Evening,4,4
S0962,4,2026-04-10,Night,5,1
S0963,2,2026-04-10,Morning,2,1
S0964,5,2026-04-10,Night,6,1
S0965,3,2026-04-10,Morning,6,3
S0966,3,2026-04-10,Evening,2,4
S0967,2,2026-04-10,Evening,7,1
S0968,6,2026-04-10,Morning,8,1
S0969,4,2026-04-10,Night,2,3
S0970,2,2026-04-10,Morning,5,3
S0971,5,2026-04-10,Morning,2,1
S0972,5,2026-04-10,Evening,4,3
S0973,6,2026-04-10,Morning,5,4
S0974,4,2026-04-10,Evening,5,4
S0975,1,2026-04-10,Night,3,1
S0976,4,2026-04-10,Night,3,1
S0977,2,2026-04-10,Morning,6,4
S0978,1,2026-04-10,Night,3,1
S0979,4,2026-04-10,Evening,2,1
S0980,4,2026-04-10,Evening,8,3
S0981,4,2026-04-10,Evening,3,3
S0982,5,2026-04-10,Morning,2,3
S0983,3,2026-04-10,Night,7,3
S0984,3,2026-04-10,Evening,5,3
S0985,5,2026-04-10,Evening,2,1
S0986,6,2026-04-10,Night,3,1
S0987,1,2026-04-10,Morning,4,1
S0988,1,2026-04-10,Night,2,2
S0989,3,2026-04-10,Morning,5,3
S0990,6,2026-04-10,Night,4,1
S0991,3,2026-04-10,Morning,8,4
S0992,4,2026-04-10,Night,3,2
S0993,3,2026-04-10,Morning,4,3
S0994,1,2026-04-10,Morning,6,3
S0995,1,2026-04-10,Night,2,2
S0996,2,2026-04-10,Morning,8,4
S0997,4,2026-04-10,Evening,8,1
S0998,1,2026-04-10,Morning,7,2
S0999,6,2026-04-10,Morning,3,3
S1000,3,2026-04-10,Evening,6,1
S1001,4,2026-04-10,Morning,5,1
S1002,6,2026-04-10,Evening,4,3
S1003,4,2026-04-10,Evening,2,3
S1004,3,2026-04-10,Morning,8,4
S1005,2,2026-04-10,Evening,7,1
S1006,4,2026-04-10,Evening,7,1
S1007,1,2026-04-10,Evening,4,3
S1008,6,2026-04-10,Night,3,3
S1009,1,2026-04-10,Night,3,4
S1010,3,2026-04-10,Morning,3,2
S1011,2,2026-04-10,Night,8,2
S1012,1,2026-04-10,Morning,5,2
S1013,1,2026-04-10,Morning,5,4
S1014,6,2026-04-10,Morning,6,2
S1015,2,2026-04-10,Evening,8,1
S1016,6,2026-04-10,Evening,8,3
S1017,1,2026-04-10,Morning,3,2
S1018,1,2026-04-10,Morning,2,3
S1019,5,2026-04-10,Morning,6,1
S1020,3,2026-04-10,Night,3,3
S1021,1,2026-04-10,Night,2,3
S1022,4,2026-04-10,Evening,4,2
S1023,6,2026-04-10,Night,7,2
S1024,4,2026-04-10,Morning,4,2
S1025,6,2026-04-10,Evening,5,3
S1026,2,2026-04-10,Evening,8,2
S1027,5,2026-04-10,Evening,7,3
S1028,2,2026-04-10,Evening,3,3
S1029,4,2026-04-10,Night,6,2
S1030,6,2026-04-10,Night,4,1
S1031,6,2026-04-10,Evening,7,4
S1032,2,2026-04-10,Morning,3,3
S1033,6,2026-04-10,Night,7,2
S1034,6,2026-04-10,Morning,6,3
S1035,3,2026-04-10,Morning,6,2
S1036,2,2026-04-10,Morning,8,2
S1037,4,2026-04-10,Evening,2,1
S1038,5,2026-04-10,Night,8,4
S1039,6,2026-04-10,Morning,2,3
S1040,2,2026-04-10,Night,2,3
S1041,4,2026-04-10,Evening,3,1
S1042,4,2026-04-10,Morning,2,1
S1043,6,2026-04-10,Night,8,3
S1044,1,2026-04-10,Night,6,2
S1045,2,2026-04-10,Night,5,3
S1046,3,2026-04-10,Night,4,2
S1047,5,2026-04-10,Morning,7,2
S1048,5,2026-04-10,Evening,4,2
S1049,3,2026-04-10,Night,4,2
S1050,3,2026-04-10,Night,5,4
S1051,6,2026-04-10,Evening,7,2
S1052,3,2026-04-10,Night,7,2
S1053,6,2026-04-10,Evening,3,3
S1054,3,2026-04-10,Morning,8,1
S1055,6,2026-04-10,Morning,8,3
S1056,3,2026-04-10,Evening,3,4
S1057,4,2026-04-10,Night,4,1
S1058,4,2026-04-10,Evening,6,2
S1059,5,2026-04-10,Night,6,2
S1060,4,2026-04-10,Night,7,4
S1061,5,2026-04-10,Morning,2,4
S1062,6,2026-04-10,Morning,8,4
S1063,6,2026-04-10,Evening,5,1
S1064,2,2026-04-10,Evening,7,2
S1065,4,2026-04-10,Morning,3,2
S1066,1,2026-04-10,Night,8,2
S1067,5,2026-04-10,Evening,5,2
S1068,1,2026-04-10,Morning,2,2
S1069,3,2026-04-10,Evening,3,4
S1070,5,2026-04-10,Night,7,3
S1071,1,2026-04-10,Evening,2,2
S1072,6,2026-04-10,Night,5,4
S1073,4,2026-04-10,Night,2,4
S1074,5,2026-04-10,Evening,5,3
S1075,4,2026-04-10,Morning,2,4
S1076,3,2026-04-10,Evening,4,2
S1077,6,2026-04-10,Morning,5,1
S1078,2,2026-04-10,Morning,6,3
S1079,2,2026-04-10,Evening,5,2
S1080,4,2026-04-10,Night,3,4
S1081,5,2026-04-10,Evening,7,4
S1082,3,2026-04-10,Morning,2,2
S1083,4,2026-04-10,Evening,8,4
S1084,4,2026-04-10,Evening,3,4
S1085,2,2026-04-10,Evening,4,1
S1086,3,2026-04-10,Morning,5,4
S1087,3,2026-04-10,Evening,6,1
S1088,3,2026-04-10,Night,2,2
S1089,4,2026-04-10,Evening,8,3
S1090,5,2026-04-10,Morning,5,2
S1091,5,2026-04-10,Night,5,3
S1092,3,2026-04-10,Morning,6,1
S1093,5,2026-04-10,Night,8,4
S1094,5,2026-04-10,Night,8,4
S1095,2,2026-04-10,Night,8,4
S1096,2,2026-04-10,Evening,7,4
S1097,3,2026-04-10,Evening,3,2
S1098,2,2026-04-10,Morning,5,3
S1099,2,2026-04-10,Morning,2,4
S1100,5,2026-04-10,Morning,3,4
S1101,1,2026-04-10,Morning,3,4
S1102,3,2026-04-10,Morning,8,1
S1103,2,2026-04-10,Morning,7,4
S1104,6,2026-04-10,Morning,4,2
S1105,6,2026-04-10,Evening,6,3
S1106,1,2026-04-10,Evening,3,3
S1107,6,2026-04-10,Night,8,3
S1108,1,2026-04-10,Night,5,4
S1109,1,2026-04-10,Evening,7,3
S1110,4,2026-04-10,Evening,6,2
S1111,1,2026-04-10,Night,4,1
S1112,4,2026-04-10,Night,3,4
S1113,5,2026-04-10,Night,7,3
S1114,3,2026-04-10,Night,2,3
S1115,6,2026-04-10,Morning,4,1
S1116,1,2026-04-10,Evening,5,2
S1117,6,2026-04-10,Evening,6,1
S1118,1,2026-04-10,Evening,7,4
S1119,6,2026-04-10,Night,8,3
S1120,3,2026-04-10,Night,5,3
S1121,6,2026-04-10,Night,5,2
S1122,2,2026-04-10,Morning,4,1
S1123,4,2026-04-10,Morning,7,2
S1124,1,2026-04-10,Night,4,2
S1125,1,2026-04-10,Morning,6,2
S1126,1,2026-04-10,Evening,4,1
S1127,6,2026-04-10,Night,6,2
S1128,1,2026-04-10,Morning,3,4
S1129,5,2026-04-10,Morning,8,4
S1130,2,2026-04-10,Morning,8,3
S1131,4,2026-04-10,Morning,4,2
S1132,3,2026-04-10,Night,6,2
S1133,6,2026-04-10,Evening,5,4
S1134,3,2026-04-10,Night,5,1
S1135,1,2026-04-10,Night,5,1
S1136,3,2026-04-10,Evening,4,2
S1137,2,2026-04-10,Evening,2,4
S1138,3,2026-04-10,Morning,7,1
S1139,2,2026-04-10,Evening,3,3
S1140,3,2026-04-10,Morning,4,2
S1141,4,2026-04-10,Morning,4,1
S1142,2,2026-04-10,Night,3,1
S1143,4,2026-04-10,Morning,8,2
S1144,4,2026-04-10,Morning,2,1
S1145,1,2026-04-10,Evening,6,4
S1146,6,2026-04-10,Morning,6,1
S1147,1,2026-04-10,Night,8,2
S1148,2,2026-04-10,Night,7,4
S1149,1,2026-04-10,Evening,3,3
S1150,1,2026-04-10,Evening,3,2
S1151,3,2026-04-10,Night,8,3
S1152,1,2026-04-10,Night,4,4
S1153,3,2026-04-10,Evening,6,3
S1154,1,2026-04-10,Night,5,1
S1155,3,2026-04-10,Night,6,3
S1156,2,2026-04-10,Night,3,1
S1157,2,2026-04-10,Evening,4,4
S1158,1,2026-04-10,Morning,6,1
S1159,1,2026-04-10,Evening,4,4
S1160,5,2026-04-10,Morning,3,2
S1161,1,2026-04-10,Night,2,4
S1162,6,2026-04-10,Evening,7,4
S1163,3,2026-04-10,Evening,7,3
S1164,2,2026-04-10,Night,2,2
S1165,4,2026-04-10,Night,5,4
S1166,5,2026-04-10,Evening,5,3
S1167,3,2026-04-10,Night,3,3
S1168,4,2026-04-10,Evening,2,1
S1169,2,2026-04-10,Night,7,2
S1170,6,2026-04-10,Night,5,3
S1171,2,2026-04-10,Morning,7,2
S1172,2,2026-04-10,Evening,6,2
S1173,2,2026-04-10,Night,7,2
S1174,1,2026-04-10,Night,5,1
S1175,5,2026-04-10,Morning,2,3
S1176,2,2026-04-10,Evening,3,4
S1177,3,2026-04-10,Morning,7,1
S1178,5,2026-04-10,Morning,7,2
S1179,2,2026-04-10,Evening,4,2
S1180,5,2026-04-10,Morning,6,3
S1181,2,2026-04-10,Evening,3,4
S1182,5,2026-04-10,Morning,8,3
S1183,5,2026-04-10,Morning,4,4
S1184,3,2026-04-10,Morning,7,3
S1185,2,2026-04-10,Morning,2,4
S1186,5,2026-04-10,Night,6,4
S1187,2,2026-04-10,Morning,7,1
S1188,5,2026-04-10,Morning,8,3
S1189,3,2026-04-10,Morning,4,1
S1190,6,2026-04-10,Night,4,2
S1191,2,2026-04-10,Evening,5,2
S1192,1,2026-04-10,Night,6,4
S1193,4,2026-04-10,Morning,4,1
S1194,2,2026-04-10,Evening,7,1
S1195,6,2026-04-10,Evening,2,4
S1196,1,2026-04-10,Morning,7,1
S1197,1,2026-04-10,Evening,7,2
S1198,3,2026-04-10,Morning,6,2
S1199,5,2026-04-10,Morning,5,1
S1200,3,2026-04-10,Night,6,2
S1201,5,2026-04-10,Morning,2,2
S1202,2,2026-04-10,Morning,6,3
S1203,4,2026-04-10,Morning,5,2
S1204,5,2026-04-10,Night,3,2
S1205,1,2026-04-10,Evening,2,2
S1206,6,2026-04-10,Evening,3,4
S1207,3,2026-04-10,Evening,2,1
S1208,5,2026-04-10,Evening,2,4
S1209,6,2026-04-10,Evening,4,3
S1210,6,2026-04-10,Evening,8,3
S1211,2,2026-04-10,Morning,8,1
S1212,2,2026-04-10,Evening,8,2
S1213,4,2026-04-10,Night,8,3
S1214,6,2026-04-10,Morning,6,4
S1215,2,2026-04-10,Evening,6,1
S1216,6,2026-04-10,Evening,4,4
S1217,2,2026-04-10,Evening,2,2
S1218,4,2026-04-10,Night,2,2
S1219,2,2026-04-10,Night,5,3
S1220,3,2026-04-10,Night,4,1
S1221,6,2026-04-10,Evening,7,4
S1222,1,2026-04-10,Morning,8,4
S1223,4,2026-04-10,Night,8,3
S1224,5,2026-04-10,Morning,2,2
S1225,2,2026-04-10,Morning,5,4
S1226,2,2026-04-10,Night,4,2
S1227,3,2026-04-10,Morning,5,2
S1228,6,2026-04-10,Evening,7,2
S1229,3,2026-04-10,Night,3,2
S1230,4,2026-04-10,Morning,4,2
S1231,5,2026-04-10,Evening,5,3
S1232,3,2026-04-10,Night,5,1
S1233,5,2026-04-10,Night,5,1
S1234,3,2026-04-10,Morning,6,4
S1235,6,2026-04-10,Evening,7,1
S1236,4,2026-04-10,Evening,5,2
S1237,6,2026-04-10,Night,4,2
S1238,1,2026-04-10,Morning,2,1
S1239,6,2026-04-10,Evening,2,3
S1240,4,2026-04-10,Evening,7,3
S1241,2,2026-04-10,Night,7,4
S1242,1,2026-04-10,Morning,4,1
S1243,6,2026-04-10,Evening,6,2
S1244,3,2026-04-10,Morning,5,2
S1245,6,2026-04-10,Evening,3,4
S1246,4,2026-04-10,Morning,8,4
S1247,4,2026-04-10,Night,8,2
S1248,5,2026-04-10,Night,4,2
S1249,2,2026-04-10,Night,2,3
S1250,6,2026-04-10,Night,4,2
S1251,2,2026-04-10,Morning,2,2
S1252,6,2026-04-10,Night,2,3
S1253,4,2026-04-10,Evening,4,3
S1254,5,2026-04-10,Night,8,1
S1255,5,2026-04-10,Morning,3,4
S1256,3,2026-04-10,Morning,5,1
S1257,3,2026-04-10,Morning,8,1
S1258,6,2026-04-10,Morning,2,2
S1259,5,2026-04-10,Evening,3,4
S1260,1,2026-04-10,Night,7,4
S1261,5,2026-04-10,Evening,8,1
S1262,1,2026-04-10,Morning,6,1
S1263,3,2026-04-10,Evening,6,1
S1264,3,2026-04-10,Night,2,3
S1265,5,2026-04-10,Night,4,2
S1266,5,2026-04-10,Morning,4,1
S1267,2,2026-04-10,Morning,7,2
S1268,1,2026-04-10,Morning,4,4
S1269,6,2026-04-10,Evening,3,2
S1270,4,2026-04-10,Night,5,3
S1271,6,2026-04-10,Morning,2,2
S1272,1,2026-04-10,Morning,2,1
S1273,1,2026-04-10,Night,3,3
S1274,4,2026-04-10,Morning,5,4
S1275,6,2026-04-10,Evening,5,3
S1276,1,2026-04-10,Night,2,3
S1277,2,2026-04-10,Morning,5,4
S1278,1,2026-04-10,Night,6,4
S1279,6,2026-04-10,Night,4,2
S1280,3,2026-04-10,Evening,5,4
S1281,1,2026-04-10,Evening,6,4
S1282,6,2026-04-10,Evening,3,4
S1283,1,2026-04-10,Evening,3,3
S1284,1,2026-04-10,Evening,4,4
S1285,1,2026-04-10,Evening,7,1
S1286,2,2026-04-10,Night,5,2
S1287,6,2026-04-10,Night,2,4
S1288,3,2026-04-10,Night,7,4
S1289,2,2026-04-10,Morning,2,4
S1290,1,2026-04-10,Night,4,1
S1291,3,2026-04-10,Night,6,3
S1292,2,2026-04-10,Night,4,2
S1293,1,2026-04-10,Evening,5,1
S1294,5,2026-04-10,Night,7,1
S1295,4,2026-04-10,Night,3,4
S1296,2,2026-04-10,Morning,7,2
S1297,5,2026-04-10,Morning,5,2
S1298,5,2026-04-10,Morning,8,1
S1299,1,2026-04-10,Morning,3,2
S1300,5,2026-04-10,Night,4,4
S1301,5,2026-04-10,Evening,5,4
S1302,5,2026-04-10,Evening,4,1
S1303,2,2026-04-10,Evening,4,3
S1304,2,2026-04-10,Night,2,4
S1305,6,2026-04-10,Evening,7,3
S1306,3,2026-04-10,Evening,2,4
S1307,1,2026-04-10,Morning,4,2
S1308,1,2026-04-10,Night,2,1
S1309,1,2026-04-10,Morning,8,4
S1310,6,2026-04-10,Evening,8,2
S1311,3,2026-04-10,Night,6,1
S1312,6,2026-04-10,Evening,2,2
S1313,4,2026-04-10,Night,4,2
S1314,6,2026-04-10,Night,7,4
S1315,3,2026-04-10,Night,5,3
S1316,1,2026-04-10,Night,3,3
S1317,1,2026-04-10,Evening,3,3
S1318,4,2026-04-10,Evening,6,2
S1319,4,2026-04-10,Evening,6,3
S1320,6,2026-04-10,Morning,4,2
S1321,6,2026-04-10,Evening,8,1
S1322,3,2026-04-10,Morning,2,2
S1323,1,2026-04-10,Morning,2,2
S1324,5,2026-04-10,Night,4,3
S1325,5,2026-04-10,Night,4,4
S1326,4,2026-04-10,Night,6,2
S1327,3,2026-04-10,Evening,6,2
S1328,4,2026-04-10,Evening,8,2
S1329,6,2026-04-10,Night,5,2
S1330,6,2026-04-10,Evening,2,1
S1331,6,2026-04-10,Night,3,3
S1332,1,2026-04-10,Morning,4,2
S1333,2,2026-04-10,Night,2,3
S1334,2,2026-04-10,Evening,7,2
S1335,5,2026-04-10,Night,6,1
S1336,5,2026-04-10,Evening,7,4
S1337,4,2026-04-10,Night,7,4
S1338,4,2026-04-10,Night,2,2
S1339,1,2026-04-10,Morning,5,4
S1340,6,2026-04-10,Night,4,3
S1341,3,2026-04-10,Evening,4,4
S1342,2,2026-04-10,Night,2,4
S1343,4,2026-04-10,Morning,2,1
S1344,3,2026-04-10,Morning,4,4
S1345,1,2026-04-10,Morning,6,4
S1346,6,2026-04-10,Morning,8,4
S1347,3,2026-04-10,Night,2,2
S1348,4,2026-04-10,Evening,7,1
S1349,4,2026-04-10,Morning,6,4
S1350,4,2026-04-10,Morning,3,1
S1351,3,2026-04-10,Morning,2,3
S1352,5,2026-04-10,Morning,8,3
S1353,3,2026-04-10,Morning,5,2
S1354,5,2026-04-10,Evening,8,3
S1355,3,2026-04-10,Night,3,4
S1356,5,2026-04-10,Night,3,1
S1357,4,2026-04-10,Evening,7,2
S1358,3,2026-04-10,Morning,5,2
S1359,6,2026-04-10,Evening,4,4
S1360,6,2026-04-10,Night,3,3
S1361,5,2026-04-10,Evening,5,1
S1362,6,2026-04-10,Evening,4,4
S1363,1,2026-04-10,Night,4,2
S1364,5,2026-04-10,Night,7,4
S1365,6,2026-04-10,Morning,4,3
S1366,5,2026-04-10,Evening,4,1
S1367,5,2026-04-10,Morning,4,1
S1368,4,2026-04-10,Night,4,2
S1369,4,2026-04-10,Morning,4,4
S1370,4,2026-04-10,Evening,2,4
S1371,3,2026-04-10,Evening,5,4
S1372,3,2026-04-10,Evening,4,4
S1373,5,2026-04-10,Night,5,3
S1374,6,2026-04-10,Morning,4,1
S1375,2,2026-04-10,Morning,3,4
S1376,6,2026-04-10,Morning,4,3
S1377,3,2026-04-10,Evening,3,2
S1378,4,2026-04-10,Evening,7,1
S1379,1,2026-04-10,Morning,5,2
S1380,6,2026-04-10,Evening,2,3
S1381,4,2026-04-10,Morning,5,1
S1382,1,2026-04-10,Night,2,3
S1383,4,2026-04-10,Evening,5,4
S1384,3,2026-04-10,Night,8,1
S1385,4,2026-04-10,Evening,7,2
S1386,4,2026-04-10,Morning,5,4
S1387,3,2026-04-10,Evening,3,1
S1388,4,2026-04-10,Night,8,4
S1389,2,2026-04-10,Evening,7,2
S1390,4,2026-04-10,Night,3,2
S1391,5,2026-04-10,Evening,7,3
S1392,5,2026-04-10,Evening,8,2
S1393,3,2026-04-10,Morning,4,1
S1394,3,2026-04-10,Evening,6,2
S1395,5,2026-04-10,Evening,8,1
S1396,5,2026-04-10,Night,3,2
S1397,6,2026-04-10,Evening,6,3
S1398,6,2026-04-10,Night,6,3
S1399,4,2026-04-10,Evening,3,4
S1400,6,2026-04-10,Evening,6,4
S1401,4,2026-04-10,Evening,4,4
S1402,5,2026-04-10,Evening,8,2
S1403,5,2026-04-10,Evening,2,3
S1404,5,2026-04-10,Morning,6,3
S1405,5,2026-04-10,Morning,3,1
S1406,2,2026-04-10,Evening,6,1
S1407,3,2026-04-10,Evening,3,3
S1408,4,2026-04-10,Night,7,1
S1409,5,2026-04-10,Morning,7,3
S1410,5,2026-04-10,Evening,4,4
S1411,5,2026-04-10,Morning,2,3
S1412,5,2026-04-10,Night,3,3
S1413,6,2026-04-10,Night,5,1
S1414,5,2026-04-10,Morning,2,2
S1415,1,2026-04-10,Morning,6,4
S1416,4,2026-04-10,Night,6,1
S1417,1,2026-04-10,Evening,5,1
S1418,3,2026-04-10,Morning,8,1
S1419,1,2026-04-10,Evening,8,3
S1420,3,2026-04-10,Morning,4,4
S1421,3,2026-04-10,Night,7,1
S1422,2,2026-04-10,Evening,3,2
S1423,3,2026-04-10,Night,8,3
S1424,2,2026-04-10,Night,3,4
S1425,1,2026-04-10,Morning,2,4
S1426,2,2026-04-10,Evening,2,3
S1427,1,2026-04-10,Morning,7,2
S1428,5,2026-04-10,Night,6,1
S1429,1,2026-04-10,Night,7,1
S1430,2,2026-04-10,Morning,2,4
S1431,1,2026-04-10,Night,8,1
S1432,3,2026-04-10,Morning,5,3
S1433,3,2026-04-10,Night,3,3
S1434,4,2026-04-10,Evening,2,4
S1435,6,2026-04-10,Night,5,4
S1436,5,2026-04-10,Evening,6,1
S1437,4,2026-04-10,Morning,3,1
S1438,2,2026-04-10,Morning,8,4
S1439,1,2026-04-10,Morning,3,2
S1440,6,2026-04-10,Morning,7,1
S1441,6,2026-04-10,Night,3,2
S1442,5,2026-04-10,Evening,5,1
S1443,6,2026-04-10,Night,4,2
S1444,6,2026-04-10,Night,7,4
S1445,4,2026-04-10,Night,5,2
S1446,3,2026-04-10,Evening,7,2
S1447,3,2026-04-10,Morning,5,3
S1448,4,2026-04-10,Evening,7,1
S1449,5,2026-04-10,Night,3,3
S1450,5,2026-04-10,Evening,8,2
S1451,6,2026-04-10,Night,4,3
S1452,1,2026-04-10,Night,4,4
S1453,5,2026-04-10,Evening,4,1
S1454,6,2026-04-10,Evening,6,4
S1455,4,2026-04-10,Morning,7,3
S1456,3,2026-04-10,Night,2,4
S1457,5,2026-04-10,Morning,6,4
S1458,2,2026-04-10,Evening,5,4
S1459,4,2026-04-10,Evening,5,1
S1460,3,2026-04-10,Night,4,1
S1461,2,2026-04-10,Morning,7,1
S1462,5,2026-04-10,Evening,8,4
S1463,2,2026-04-10,Morning,6,4
S1464,5,2026-04-10,Morning,7,3
S1465,1,2026-04-10,Night,3,1
S1466,4,2026-04-10,Night,4,1
S1467,3,2026-04-10,Morning,8,4
S1468,4,2026-04-10,Morning,5,3
S1469,6,2026-04-10,Evening,2,3
S1470,4,2026-04-10,Night,6,2
S1471,2,2026-04-10,Morning,6,2
S1472,5,2026-04-10,Evening,8,1
S1473,5,2026-04-10,Night,7,3
S1474,3,2026-04-10,Night,2,3
S1475,2,2026-04-10,Night,3,2
S1476,6,2026-04-10,Evening,5,2
S1477,4,2026-04-10,Evening,5,2
S1478,6,2026-04-10,Morning,7,3
S1479,4,2026-04-10,Morning,8,2
S1480,1,2026-04-10,Evening,2,1
S1481,5,2026-04-10,Morning,5,2
S1482,1,2026-04-10,Morning,7,2
S1483,2,2026-04-10,Night,3,2
S1484,3,2026-04-10,Night,4,1
S1485,5,2026-04-10,Night,2,3
S1486,2,2026-04-10,Night,6,4
S1487,2,2026-04-10,Night,2,2
S1488,3,2026-04-10,Night,4,1
S1489,6,2026-04-10,Morning,6,1
S1490,1,2026-04-10,Morning,3,2
S1491,1,2026-04-10,Evening,5,3
S1492,3,2026-04-10,Morning,7,4
S1493,2,2026-04-10,Morning,2,4
S1494,3,2026-04-10,Evening,6,3
S1495,5,2026-04-10,Evening,7,4
S1496,3,2026-04-10,Evening,7,1
S1497,5,2026-04-10,Morning,5,4
S1498,6,2026-04-10,Night,2,1
S1499,3,2026-04-10,Morning,8,1
S1500,5,2026-04-10,Evening,2,2
S1501,3,2026-04-10,Night,7,4
S1502,4,2026-04-10,Night,4,2
S1503,4,2026-04-10,Morning,7,2
S1504,6,2026-04-10,Night,3,1
S1505,1,2026-04-10,Morning,6,4
S1506,1,2026-04-10,Morning,7,2
S1507,4,2026-04-10,Night,5,1
S1508,2,2026-04-10,Morning,2,3
S1509,2,2026-04-10,Evening,7,2
S1510,5,2026-04-10,Morning,6,4
S1511,2,2026-04-10,Morning,6,2
S1512,2,2026-04-10,Evening,2,4
S1513,2,2026-04-10,Night,6,3
S1514,4,2026-04-10,Evening,3,3
S1515,3,2026-04-10,Morning,2,2
S1516,6,2026-04-10,Evening,7,4
S1517,3,2026-04-10,Evening,7,1
S1518,2,2026-04-10,Morning,2,1
S1519,2,2026-04-10,Night,7,4
S1520,4,2026-04-10,Morning,3,2
S1521,1,2026-04-10,Evening,3,2
S1522,6,2026-04-10,Morning,7,4
S1523,2,2026-04-10,Morning,8,2
S1524,1,2026-04-10,Morning,5,2
S1525,5,2026-04-10,Night,4,2
S1526,6,2026-04-10,Evening,8,2
S1527,3,2026-04-10,Evening,8,3
S1528,5,2026-04-10,Morning,6,2
S1529,1,2026-04-10,Morning,5,1
S1530,6,2026-04-10,Night,6,4
S1531,6,2026-04-10,Morning,6,3
S1532,6,2026-04-10,Morning,3,1
S1533,6,2026-04-10,Evening,8,1
S1534,3,2026-04-10,Night,5,4
S1535,4,2026-04-10,Morning,2,3
S1536,5,2026-04-10,Night,6,1
S1537,4,2026-04-10,Night,4,3
S1538,4,2026-04-10,Night,5,2
S1539,6,2026-04-10,Morning,7,1
S1540,3,2026-04-10,Evening,5,2
S1541,3,2026-04-10,Morning,2,4
S1542,4,2026-04-10,Night,7,2
S1543,5,2026-04-10,Morning,5,2
S1544,1,2026-04-10,Evening,2,1
S1545,3,2026-04-10,Morning,3,3
S1546,1,2026-04-10,Night,4,2
S1547,3,2026-04-10,Morning,3,3
S1548,1,2026-04-10,Evening,6,3
S1549,3,2026-04-10,Evening,3,3
S1550,2,2026-04-10,Night,7,4
S1551,4,2026-04-10,Morning,5,4
S1552,5,2026-04-10,Night,7,4
S1553,3,2026-04-10,Evening,3,2
S1554,6,2026-04-10,Morning,5,1
S1555,3,2026-04-10,Evening,4,1
S1556,1,2026-04-10,Evening,5,1
S1557,6,2026-04-10,Evening,8,4
S1558,2,2026-04-10,Evening,8,2
S1559,3,2026-04-10,Evening,3,4
S1560,3,2026-04-10,Evening,3,4
S1561,4,2026-04-10,Morning,4,3
S1562,2,2026-04-10,Night,7,4
S1563,5,2026-04-10,Night,6,2
S1564,6,2026-04-10,Morning,6,4
S1565,6,2026-04-10,Evening,7,1
S1566,1,2026-04-10,Night,4,3
S1567,3,2026-04-10,Morning,3,4
S1568,3,2026-04-10,Evening,4,4
S1569,2,2026-04-10,Morning,5,3
S1570,5,2026-04-10,Night,4,2
S1571,3,2026-04-10,Night,7,3
S1572,3,2026-04-10,Evening,8,4
S1573,5,2026-04-10,Night,8,3
S1574,3,2026-04-10,Evening,4,4
S1575,2,2026-04-10,Evening,4,4
S1576,5,2026-04-10,Night,4,1
S1577,3,2026-04-10,Night,3,3
S1578,4,2026-04-10,Night,4,4
S1579,6,2026-04-10,Evening,3,2
S1580,3,2026-04-10,Morning,3,3
S1581,6,2026-04-10,Night,6,3
S1582,1,2026-04-10,Morning,6,2
S1583,1,2026-04-10,Night,4,2
S1584,5,2026-04-10,Evening,6,4
S1585,5,2026-04-10,Night,4,3
S1586,1,2026-04-10,Morning,6,1
S1587,1,2026-04-10,Night,5,3
S1588,1,2026-04-10,Evening,6,4
S1589,5,2026-04-10,Night,7,4
S1590,2,2026-04-10,Evening,2,1
S1591,3,2026-04-10,Evening,2,1
S1592,4,2026-04-10,Night,5,3
S1593,2,2026-04-10,Evening,6,4
S1594,6,2026-04-10,Morning,2,4
S1595,3,2026-04-10,Night,2,3
S1596,6,2026-04-10,Night,4,3
S1597,3,2026-04-10,Morning,2,3
S1598,3,2026-04-10,Evening,7,1
S1599,2,2026-04-10,Morning,8,2
S1600,3,2026-04-10,Night,7,4
S1601,1,2026-04-10,Evening,2,3
S1602,2,2026-04-10,Morning,5,3
S1603,2,2026-04-10,Evening,6,4
S1604,3,2026-04-10,Night,8,1
S1605,6,2026-04-10,Evening,2,4
S1606,3,2026-04-10,Night,8,3
S1607,5,2026-04-10,Evening,5,4
S1608,1,2026-04-10,Night,8,2
S1609,1,2026-04-10,Morning,7,2
S1610,6,2026-04-10,Night,8,2
S1611,1,2026-04-10,Evening,5,2
S1612,3,2026-04-10,Night,6,2
S1613,3,2026-04-10,Night,6,3
S1614,2,2026-04-10,Evening,2,3
S1615,3,2026-04-10,Night,5,2
S1616,2,2026-04-10,Evening,3,4
S1617,1,2026-04-10,Evening,5,4
S1618,1,2026-04-10,Morning,8,1
S1619,4,2026-04-10,Night,5,4
S1620,1,2026-04-10,Morning,7,3
S1621,4,2026-04-10,Night,3,4
S1622,4,2026-04-10,Night,3,2
S1623,6,2026-04-10,Morning,7,3
S1624,5,2026-04-10,Morning,3,1
S1625,3,2026-04-10,Evening,4,4
S1626,3,2026-04-10,Night,3,2
S1627,3,2026-04-10,Morning,4,4
S1628,2,2026-04-10,Evening,5,4
S1629,6,2026-04-10,Night,3,2
S1630,6,2026-04-10,Morning,5,1
S1631,3,2026-04-10,Evening,8,2
S1632,2,2026-04-10,Evening,4,2
S1633,6,2026-04-10,Evening,5,4
S1634,4,2026-04-10,Night,8,1
S1635,5,2026-04-10,Night,7,4
S1636,4,2026-04-10,Evening,5,3
S1637,4,2026-04-10,Night,2,2
S1638,3,2026-04-10,Morning,8,4
S1639,3,2026-04-10,Night,2,4
S1640,5,2026-04-10,Evening,3,2
S1641,4,2026-04-10,Night,7,3
S1642,6,2026-04-10,Evening,4,3
S1643,5,2026-04-10,Morning,2,4
S1644,1,2026-04-10,Night,5,3
S1645,1,2026-04-10,Evening,2,4
S1646,5,2026-04-10,Night,4,4
S1647,6,2026-04-10,Morning,6,2
S1648,2,2026-04-10,Morning,2,1
S1649,5,2026-04-10,Morning,4,4
S1650,4,2026-04-10,Night,8,1
S1651,2,2026-04-10,Morning,5,1
S1652,6,2026-04-10,Evening,3,4
S1653,4,2026-04-10,Night,3,1
S1654,6,2026-04-10,Night,7,4
S1655,3,2026-04-10,Night,3,1
S1656,1,2026-04-10,Evening,4,3
S1657,6,2026-04-10,Morning,3,3
S1658,1,2026-04-10,Morning,3,4
S1659,3,2026-04-10,Morning,2,4
S1660,5,2026-04-10,Evening,5,2
S1661,3,2026-04-10,Evening,2,4
S1662,6,2026-04-10,Evening,3,3
S1663,4,2026-04-10,Night,3,4
S1664,1,2026-04-10,Evening,3,4
S1665,5,2026-04-10,Night,6,2
S1666,1,2026-04-10,Night,5,1
S1667,3,2026-04-10,Evening,6,1
S1668,3,2026-04-10,Evening,6,3
S1669,3,2026-04-10,Night,7,1
S1670,1,2026-04-10,Evening,7,4
S1671,6,2026-04-10,Night,2,1
S1672,6,2026-04-10,Morning,8,2
S1673,2,2026-04-10,Morning,4,1
S1674,6,2026-04-10,Morning,7,3
S1675,2,2026-04-10,Night,7,3
S1676,3,2026-04-10,Evening,6,4
S1677,6,2026-04-10,Morning,2,3
S1678,5,2026-04-10,Evening,4,2
S1679,3,2026-04-10,Night,4,3
S1680,6,2026-04-10,Night,5,4
S1681,4,2026-04-10,Night,6,4
S1682,1,2026-04-10,Night,4,1
S1683,5,2026-04-10,Night,4,3
S1684,3,2026-04-10,Morning,4,3
S1685,6,2026-04-10,Night,8,3
S1686,1,2026-04-10,Evening,5,3
S1687,2,2026-04-10,Night,4,2
S1688,6,2026-04-10,Night,3,1
S1689,2,2026-04-10,Evening,3,2
S1690,5,2026-04-10,Morning,8,1
S1691,2,2026-04-10,Night,6,2
S1692,5,2026-04-10,Night,3,2
S1693,1,2026-04-10,Night,2,1
S1694,3,2026-04-10,Night,5,1
S1695,3,2026-04-10,Evening,6,4
S1696,6,2026-04-10,Morning,7,1
S1697,6,2026-04-10,Night,2,4
S1698,3,2026-04-10,Night,2,1
S1699,4,2026-04-10,Evening,4,1
S1700,1,2026-04-10,Evening,4,4
S1701,1,2026-04-10,Morning,5,4
S1702,6,2026-04-10,Night,6,2
S1703,3,2026-04-10,Morning,7,2
S1704,4,2026-04-10,Night,3,2
S1705,2,2026-04-10,Morning,7,4
S1706,6,2026-04-10,Morning,5,3
S1707,1,2026-04-10,Night,4,2
S1708,5,2026-04-10,Morning,7,1
S1709,2,2026-04-10,Morning,2,4
S1710,1,2026-04-10,Evening,3,4
S1711,4,2026-04-10,Evening,7,3
S1712,2,2026-04-10,Night,5,3
S1713,2,2026-04-10,Night,7,3
S1714,2,2026-04-10,Evening,8,1
S1715,1,2026-04-10,Morning,8,2
S1716,6,2026-04-10,Night,8,3
S1717,1,2026-04-10,Evening,3,4
S1718,2,2026-04-10,Night,5,1
S1719,4,2026-04-10,Night,3,1
S1720,4,2026-04-10,Morning,6,2
S1721,6,2026-04-10,Morning,5,4
S1722,6,2026-04-10,Night,8,3
S1723,5,2026-04-10,Morning,5,3
S1724,5,2026-04-10,Morning,3,3
S1725,1,2026-04-10,Evening,7,3
S1726,4,2026-04-10,Night,2,1
S1727,3,2026-04-10,Night,2,4
S1728,4,2026-04-10,Morning,5,3
S1729,5,2026-04-10,Evening,8,1
S1730,1,2026-04-10,Morning,4,4
S1731,1,2026-04-10,Night,4,4
S1732,5,2026-04-10,Morning,6,4
S1733,1,2026-04-10,Morning,8,4
S1734,5,2026-04-10,Evening,8,3
S1735,6,2026-04-10,Evening,6,1
S1736,1,2026-04-10,Evening,8,4
S1737,4,2026-04-10,Evening,7,4
S1738,1,2026-04-10,Morning,7,4
S1739,3,2026-04-10,Morning,4,2
S1740,3,2026-04-10,Night,2,3
S1741,5,2026-04-10,Morning,8,2
S1742,3,2026-04-10,Night,5,4
S1743,1,2026-04-10,Evening,6,4
S1744,2,2026-04-10,Morning,7,3
S1745,6,2026-04-10,Night,6,1
S1746,2,2026-04-10,Morning,6,3
S1747,4,2026-04-10,Morning,7,3
S1748,3,2026-04-10,Night,4,4
S1749,3,2026-04-10,Evening,3,4
S1750,2,2026-04-10,Evening,3,1
S1751,1,2026-04-10,Morning,6,3
S1752,6,2026-04-10,Morning,6,3
S1753,6,2026-04-10,Morning,7,2
S1754,6,2026-04-10,Night,4,2
S1755,2,2026-04-10,Morning,2,4
S1756,6,2026-04-10,Evening,5,1
S1757,2,2026-04-10,Night,8,2
S1758,6,2026-04-10,Morning,8,2
S1759,4,2026-04-10,Evening,6,1
S1760,2,2026-04-10,Morning,6,3
S1761,5,2026-04-10,Evening,5,4
S1762,6,2026-04-10,Morning,3,2
S1763,1,2026-04-10,Morning,5,4
S1764,3,2026-04-10,Morning,6,3
S1765,1,2026-04-10,Evening,5,4
S1766,6,2026-04-10,Morning,4,4
S1767,3,2026-04-10,Night,2,4
S1768,3,2026-04-10,Night,6,3
S1769,3,2026-04-10,Evening,3,3
S1770,5,2026-04-10,Morning,3,3
S1771,2,2026-04-10,Morning,3,4
S1772,5,2026-04-10,Night,4,2
S1773,3,2026-04-10,Night,4,3
S1774,5,2026-04-10,Morning,8,4
S1775,1,2026-04-10,Night,3,1
S1776,2,2026-04-10,Evening,5,4
S1777,1,2026-04-10,Evening,4,1
S1778,5,2026-04-10,Morning,2,4
S1779,4,2026-04-10,Morning,4,2
S1780,6,2026-04-10,Morning,7,2
S1781,5,2026-04-10,Morning,5,4
S1782,2,2026-04-10,Evening,3,4
S1783,4,2026-04-10,Night,3,1
S1784,6,2026-04-10,Night,5,1
S1785,5,2026-04-10,Night,5,2
S1786,6,2026-04-10,Evening,8,3
S1787,3,2026-04-10,Night,7,2
S1788,5,2026-04-10,Night,8,3
S1789,3,2026-04-10,Morning,5,3
S1790,2,2026-04-10,Night,4,3
S1791,4,2026-04-10,Night,7,3
S1792,2,2026-04-10,Night,4,4
S1793,1,2026-04-10,Morning,5,2
S1794,3,2026-04-10,Morning,3,2
S1795,4,2026-04-10,Night,2,2
S1796,6,2026-04-10,Night,3,3
S1797,4,2026-04-10,Night,8,1
S1798,1,2026-04-10,Night,3,2
S1799,6,2026-04-10,Evening,4,4
S1800,1,2026-04-10,Morning,2,1
S1801,2,2026-04-10,Night,5,2
S1802,5,2026-04-10,Evening,7,3
S1803,5,2026-04-10,Morning,7,1
S1804,3,2026-04-10,Night,6,1
S1805,3,2026-04-10,Morning,4,1
S1806,3,2026-04-10,Morning,5,3
S1807,5,2026-04-10,Evening,7,2
S1808,4,2026-04-10,Morning,8,3
S1809,2,2026-04-10,Evening,5,4
S1810,2,2026-04-10,Night,6,3
S1811,6,2026-04-10,Evening,3,3
S1812,3,2026-04-10,Morning,5,4
S1813,1,2026-04-10,Evening,3,1
S1814,3,2026-04-10,Night,4,4
S1815,6,2026-04-10,Night,2,1
S1816,3,2026-04-10,Morning,2,1
S1817,6,2026-04-10,Evening,6,4
S1818,1,2026-04-10,Evening,6,4
S1819,3,2026-04-10,Night,5,3
S1820,3,2026-04-10,Morning,8,1
S1821,6,2026-04-10,Evening,8,4
S1822,5,2026-04-10,Night,8,1
S1823,6,2026-04-10,Morning,6,2
S1824,3,2026-04-10,Evening,6,4
S1825,3,2026-04-10,Morning,4,1
S1826,6,2026-04-10,Night,6,3
S1827,5,2026-04-10,Morning,3,2
S1828,6,2026-04-10,Evening,4,1
S1829,4,2026-04-10,Morning,7,3
S1830,4,2026-04-10,Morning,6,3
S1831,1,2026-04-10,Morning,5,1
S1832,4,2026-04-10,Night,2,2
S1833,1,2026-04-10,Night,2,1
S1834,6,2026-04-10,Evening,4,1
S1835,3,2026-04-10,Evening,6,4
S1836,5,2026-04-10,Morning,7,3
S1837,2,2026-04-10,Morning,4,3
S1838,4,2026-04-10,Morning,4,2
S1839,2,2026-04-10,Evening,3,3
S1840,1,2026-04-10,Morning,3,3
S1841,6,2026-04-10,Night,4,3
S1842,5,2026-04-10,Evening,3,3
S1843,1,2026-04-10,Night,8,1
S1844,5,2026-04-10,Evening,2,4
S1845,5,2026-04-10,Morning,4,1
S1846,4,2026-04-10,Evening,7,1
S1847,6,2026-04-10,Night,8,2
S1848,2,2026-04-10,Evening,8,1
S1849,4,2026-04-10,Night,4,4
S1850,4,2026-04-10,Evening,4,4
S1851,1,2026-04-10,Night,4,3
S1852,4,2026-04-10,Evening,4,2
S1853,4,2026-04-10,Morning,2,3
S1854,2,2026-04-10,Morning,4,1
S1855,4,2026-04-10,Night,5,1
S1856,1,2026-04-10,Evening,4,4
S1857,2,2026-04-10,Evening,2,3
S1858,5,2026-04-10,Night,3,1
S1859,1,2026-04-10,Evening,7,2
S1860,4,2026-04-10,Evening,5,2
S1861,4,2026-04-10,Night,7,4
S1862,2,2026-04-10,Evening,3,3
S1863,6,2026-04-10,Night,3,1
S1864,6,2026-04-10,Evening,4,3
S1865,3,2026-04-10,Night,2,1
S1866,6,2026-04-10,Evening,5,2
S1867,5,2026-04-10,Morning,3,1
S1868,2,2026-04-10,Evening,3,3
S1869,3,2026-04-10,Morning,6,4
S1870,6,2026-04-10,Morning,8,2
S1871,6,2026-04-10,Morning,2,4
S1872,2,2026-04-10,Night,6,4
S1873,5,2026-04-10,Evening,5,2
S1874,5,2026-04-10,Night,2,1
S1875,6,2026-04-10,Morning,3,2
S1876,3,2026-04-10,Evening,7,1
S1877,5,2026-04-10,Morning,3,1
S1878,4,2026-04-10,Evening,7,2
S1879,3,2026-04-10,Evening,8,4
S1880,2,2026-04-10,Night,3,1
S1881,5,2026-04-10,Night,6,3
S1882,5,2026-04-10,Night,2,3
S1883,4,2026-04-10,Morning,3,4
S1884,2,2026-04-10,Morning,7,4
S1885,4,2026-04-10,Evening,4,2
S1886,5,2026-04-10,Evening,4,1
S1887,5,2026-04-10,Evening,5,4
S1888,6,2026-04-10,Morning,6,4
S1889,6,2026-04-10,Evening,8,3
S1890,3,2026-04-10,Evening,2,4
S1891,6,2026-04-10,Night,3,3
S1892,5,2026-04-10,Evening,2,3
S1893,2,2026-04-10,Evening,4,1
S1894,3,2026-04-10,Evening,3,2
S1895,3,2026-04-10,Evening,3,1
S1896,2,2026-04-10,Night,2,3
S1897,1,2026-04-10,Morning,7,1
S1898,6,2026-04-10,Night,8,2
S1899,2,2026-04-10,Morning,6,3
S1900,6,2026-04-10,Evening,5,3
S1901,6,2026-04-10,Morning,4,2
S1902,2,2026-04-10,Night,7,2
S1903,3,2026-04-10,Morning,7,2
S1904,1,2026-04-10,Morning,8,3
S1905,4,2026-04-10,Night,5,4
S1906,2,2026-04-10,Night,7,3
S1907,1,2026-04-10,Night,8,3
S1908,5,2026-04-10,Evening,6,4
S1909,2,2026-04-10,Morning,7,3
S1910,6,2026-04-10,Evening,3,3
S1911,1,2026-04-10,Evening,6,2
S1912,4,2026-04-10,Evening,8,3
S1913,1,2026-04-10,Morning,3,2
S1914,4,2026-04-10,Night,3,4
S1915,5,2026-04-10,Night,3,1
S1916,1,2026-04-10,Evening,8,2
S1917,5,2026-04-10,Morning,4,1
S1918,4,2026-04-10,Evening,4,1
S1919,3,2026-04-10,Morning,7,4
S1920,4,2026-04-10,Morning,6,1
S1921,2,2026-04-10,Evening,4,4
S1922,4,2026-04-10,Night,8,3
S1923,5,2026-04-10,Evening,2,2
S1924,5,2026-04-10,Night,2,4
S1925,1,2026-04-10,Morning,8,2
S1926,2,2026-04-10,Morning,8,1
S1927,5,2026-04-10,Night,6,4
S1928,3,2026-04-10,Morning,7,1
S1929,6,2026-04-10,Evening,8,3
S1930,2,2026-04-10,Morning,7,2
S1931,3,2026-04-10,Evening,8,1
S1932,3,2026-04-10,Evening,2,3
S1933,6,2026-04-10,Morning,2,2
S1934,4,2026-04-10,Night,7,1
S1935,4,2026-04-10,Night,3,3
S1936,3,2026-04-10,Night,8,1
S1937,6,2026-04-10,Morning,6,4
S1938,1,2026-04-10,Morning,7,1
S1939,1,2026-04-10,Morning,7,2
S1940,4,2026-04-10,Morning,4,1
S1941,4,2026-04-10,Night,8,1
S1942,2,2026-04-10,Night,7,2
S1943,4,2026-04-10,Morning,4,2
S1944,6,2026-04-10,Night,5,1
S1945,2,2026-04-10,Evening,7,3
S1946,2,2026-04-10,Morning,2,1
S1947,2,2026-04-10,Morning,5,4
S1948,5,2026-04-10,Morning,2,1
S1949,3,2026-04-10,Night,8,4
S1950,5,2026-04-10,Morning,6,2
S1951,5,2026-04-10,Night,2,3
S1952,5,2026-04-10,Night,8,1
S1953,1,2026-04-10,Evening,4,4
S1954,4,2026-04-10,Morning,6,3
S1955,2,2026-04-10,Evening,3,3
S1956,3,2026-04-10,Evening,3,4
S1957,4,2026-04-10,Night,3,3
S1958,5,2026-04-10,Evening,8,4
S1959,5,2026-04-10,Evening,5,2
S1960,4,2026-04-10,Morning,6,1
S1961,6,2026-04-10,Evening,2,2
S1962,5,2026-04-10,Evening,4,4
S1963,5,2026-04-10,Night,2,1
S1964,5,2026-04-10,Evening,8,1
S1965,3,2026-04-10,Morning,7,4
S1966,3,2026-04-10,Night,6,1
S1967,2,2026-04-10,Evening,7,4
S1968,5,2026-04-10,Evening,5,2
S1969,4,2026-04-10,Night,5,1
S1970,1,2026-04-10,Night,8,2
S1971,3,2026-04-10,Morning,3,4
S1972,6,2026-04-10,Evening,3,1
S1973,6,2026-04-10,Morning,3,2
S1974,1,2026-04-10,Morning,3,4
S1975,5,2026-04-10,Morning,7,1
S1976,5,2026-04-10,Morning,6,3
S1977,2,2026-04-10,Morning,4,4
S1978,4,2026-04-10,Evening,6,2
S1979,2,2026-04-10,Night,8,3
S1980,2,2026-04-10,Morning,7,4
S1981,5,2026-04-10,Night,2,2
S1982,4,2026-04-10,Evening,6,4
S1983,3,2026-04-10,Night,2,3
S1984,5,2026-04-10,Morning,2,4
S1985,6,2026-04-10,Night,6,1
S1986,3,2026-04-10,Evening,2,4
S1987,2,2026-04-10,Morning,3,4
S1988,6,2026-04-10,Morning,4,4
S1989,3,2026-04-10,Morning,4,4
S1990,2,2026-04-10,Night,6,3
S1991,4,2026-04-10,Morning,5,1
S1992,2,2026-04-10,Night,3,1
S1993,6,2026-04-10,Night,7,3
S1994,5,2026-04-10,Evening,8,4
S1995,1,2026-04-10,Morning,2,2
S1996,5,2026-04-10,Morning,3,2
S1997,1,2026-04-10,Morning,4,3
S1998,5,2026-04-10,Night,7,3
S1999,6,2026-04-10,Evening,4,1
S2000,6,2026-04-10,Evening,6,2
